{
    "key": "group_5ec28fc7aa671",
    "title": "Theme: Modules",
    "fields": [
        {
            "key": "field_5ec28fd78ccfb",
            "label": "Media",
            "name": "",
            "type": "tab",
            "instructions": "",
            "required": 0,
            "conditional_logic": 0,
            "wrapper": {
                "width": "",
                "class": "",
                "id": ""
            },
            "placement": "left",
            "endpoint": 0
        },
        {
            "key": "field_5ec290368ccfd",
            "label": "Media",
            "name": "zkd_module_media",
            "type": "group",
            "instructions": "",
            "required": 0,
            "conditional_logic": 0,
            "wrapper": {
                "width": "",
                "class": "",
                "id": ""
            },
            "layout": "block",
            "sub_fields": [
                {
                    "key": "field_5ec28fe98ccfc",
                    "label": "Clean Filenames",
                    "name": "clean_filenames",
                    "type": "true_false",
                    "instructions": "The module removes the special chars from filenames during the upload process.",
                    "required": 0,
                    "conditional_logic": 0,
                    "wrapper": {
                        "width": "",
                        "class": "",
                        "id": ""
                    },
                    "message": "",
                    "default_value": 0,
                    "ui": 1,
                    "ui_on_text": "Enabled",
                    "ui_off_text": "Disabled"
                },
                {
                    "key": "field_5ec290f574419",
                    "label": "Generate WEBP",
                    "name": "webp_images",
                    "type": "true_false",
                    "instructions": "The module generates the webp version of the uploaded images. Please remember that it is not fully supported in modern browsers. It also requires special entries added in .htaccess.",
                    "required": 0,
                    "conditional_logic": 0,
                    "wrapper": {
                        "width": "",
                        "class": "",
                        "id": ""
                    },
                    "message": "",
                    "default_value": 0,
                    "ui": 1,
                    "ui_on_text": "Enabled",
                    "ui_off_text": "Disabled"
                }
            ]
        }
    ],
    "location": [
        [
            {
                "param": "options_page",
                "operator": "==",
                "value": "theme-settings"
            }
        ]
    ],
    "menu_order": 0,
    "position": "normal",
    "style": "default",
    "label_placement": "top",
    "instruction_placement": "label",
    "hide_on_screen": "",
    "active": 1,
    "description": "",
    "modified": 1589816912
}